Anoniem,Feedback,Heerlen,09/10/2023 15:59:20
asas,sasas,Amersfoort,09/10/2023 18:32:46
sas,sd,Deventer,09/10/2023 18:33:29
sdfsdf,sdf,Hilversum,09/10/2023 18:36:27
te,"(None, 11)",Venlo,09/10/2023 18:36:59
te,sdfsdf,Venlo,09/10/2023 18:36:59
te,sdfsdf,Venlo,09/10/2023 18:36:59
te,"(None, 12)",Venlo,09/10/2023 18:36:59
te,"(None, 13)",Venlo,09/10/2023 18:36:59
te,"(None, 14)",Venlo,09/10/2023 18:36:59
te,"(None, 15)",Venlo,09/10/2023 18:36:59
te,"(None, 16)",Venlo,09/10/2023 18:36:59
te,"(None, 17)",Venlo,09/10/2023 18:36:59
te,"(None, 18)",Venlo,09/10/2023 18:36:59
te,"(None, 19)",Venlo,09/10/2023 18:36:59
te,"(None, 20)",Venlo,09/10/2023 18:36:59
te,"(None, 21)",Venlo,09/10/2023 18:36:59
te,"(None, 22)",Venlo,09/10/2023 18:36:59
te,"(None, 23)",Venlo,09/10/2023 18:36:59
te,"(None, 24)",Venlo,09/10/2023 18:36:59
te,"(None, 25)",Venlo,09/10/2023 18:36:59
te,"(None, 26)",Venlo,09/10/2023 18:36:59
te,"(None, 27)",Venlo,09/10/2023 18:36:59
te,"(None, 28)",Venlo,09/10/2023 18:36:59
te,"(None, 29)",Venlo,09/10/2023 18:36:59
te,"(None, 30)",Venlo,09/10/2023 18:36:59
te,"(None, 31)",Venlo,09/10/2023 18:36:59
te,"(None, 32)",Venlo,09/10/2023 18:36:59
te,"(None, 33)",Venlo,09/10/2023 18:36:59
te,"(None, 34)",Venlo,09/10/2023 18:36:59
te,"(None, 35)",Venlo,09/10/2023 18:36:59
te,"(None, 36)",Venlo,09/10/2023 18:36:59
te,"(None, 37)",Venlo,09/10/2023 18:36:59
te,"(None, 38)",Venlo,09/10/2023 18:36:59
te,"(None, 39)",Venlo,09/10/2023 18:36:59
te,"(None, 40)",Venlo,09/10/2023 18:36:59
te,"(None, 41)",Venlo,09/10/2023 18:36:59
te,"(None, 42)",Venlo,09/10/2023 18:36:59
te,"(None, 43)",Venlo,09/10/2023 18:36:59
te,"(None, 44)",Venlo,09/10/2023 18:36:59
te,"(None, 45)",Venlo,09/10/2023 18:36:59
te,"(None, 46)",Venlo,09/10/2023 18:36:59
te,"(None, 47)",Venlo,09/10/2023 18:36:59
te,"(None, 48)",Venlo,09/10/2023 18:36:59
te,"(None, 49)",Venlo,09/10/2023 18:36:59
te,"(None, 50)",Venlo,09/10/2023 18:36:59
te,"(None, 51)",Venlo,09/10/2023 18:36:59
te,"(None, 52)",Venlo,09/10/2023 18:36:59
te,"(None, 53)",Venlo,09/10/2023 18:36:59
te,"(None, 54)",Venlo,09/10/2023 18:36:59
