Annoniem,ik ben annoniem,Heerlen,26/09/2023 10:59:33,Modereator,email@email.com,26/09/2023 10:59:43,Afgewezen
je moeder,je meoder,Venlo,27/09/2023 15:25:38,je meoder,jemoeder@gmail.com,27/09/2023 15:30:56,Afgewezen
test,MMMMMMMMMMMMMMMMMMMMMMMMMMMMMMMMMMMMMMMMMMMMMMMMMMMMMMMMMMMMMMMMMMMMMMMMMMMMMMMMMMMMMMMMMMMMMMMMMMMMMMMMM,Nijmegen,04/10/2023 09:01:55,test,test,04/10/2023 09:03:21,Afgewezen
test1,MMMMMMMMMMMMMMMMMMMMMMMMMMMMMMMMMMMMMMMMMMMMMMMMMMMMMMMMMMMMMMMMMMMMMMMMMMMMMMMMMMMMMMMMMMMMMMMMMMMMMMMMMM,Zwolle,04/10/2023 09:02:00,test,test,04/10/2023 09:03:21,Afgewezen
Sander,MMMMMMMMMMMMMMMMMMMMMMMMMMMMMMMMMMMMMMMMMMMMMMMMMMMMMMMMMMMMMMMMMMMMMMMMMMMMMMMMMMMMMMMMMMMMMMMMMMMMMMMMMMMMMMMMMMMMMMMMMMMMMMMMMMMMMMMMMMMM,Utrecht,04/10/2023 09:02:14,test,test,04/10/2023 09:03:21,Afgewezen
SanderTEST,FEEDBACKTEST,Amsterdam,08/10/2023 14:57:31,mod,testemail,09/10/2023 12:50:46,Afgewezen
sdfsksdkkjsdfdkjsdfd,sdffjsdffjhsfdjhsfd,Den Bosch,09/10/2023 12:45:59,mod,testemail,09/10/2023 12:50:46,Afgewezen
sadaf,asdasd,Tilburg,09/10/2023 12:48:31,mod,testemail,09/10/2023 12:50:46,Afgewezen
Anoniem,Feedback,Heerlen,09/10/2023 15:59:20,test,test,09/10/2023 21:58:26,Afgewezen
asas,sasas,Amersfoort,09/10/2023 18:32:46,test,test,09/10/2023 21:58:26,Afgewezen
sas,sd,Deventer,09/10/2023 18:33:29,test,test,09/10/2023 21:58:26,Afgewezen
sdfsdf,sdf,Hilversum,09/10/2023 18:36:27,test,test,09/10/2023 21:58:26,Afgewezen
te,"(None, 11)",Venlo,09/10/2023 18:36:59,test,test,09/10/2023 21:58:26,Afgewezen
te,sdfsdf,Venlo,09/10/2023 18:36:59,test,test,09/10/2023 21:58:26,Afgewezen
te,sdfsdf,Venlo,09/10/2023 18:36:59,test,test,09/10/2023 21:58:26,Afgewezen
te,"(None, 12)",Venlo,09/10/2023 18:36:59,test,test,09/10/2023 21:58:26,Afgewezen
te,"(None, 13)",Venlo,09/10/2023 18:36:59,test,test,09/10/2023 21:58:26,Afgewezen
te,"(None, 14)",Venlo,09/10/2023 18:36:59,test,test,09/10/2023 21:58:26,Afgewezen
te,"(None, 15)",Venlo,09/10/2023 18:36:59,test,test,09/10/2023 21:58:26,Afgewezen
te,"(None, 16)",Venlo,09/10/2023 18:36:59,test,test,09/10/2023 21:58:26,Afgewezen
te,"(None, 17)",Venlo,09/10/2023 18:36:59,test,test,09/10/2023 21:58:26,Afgewezen
te,"(None, 18)",Venlo,09/10/2023 18:36:59,test,test,09/10/2023 21:58:26,Afgewezen
te,"(None, 19)",Venlo,09/10/2023 18:36:59,test,test,09/10/2023 21:58:26,Afgewezen
te,"(None, 20)",Venlo,09/10/2023 18:36:59,test,test,09/10/2023 21:58:26,Afgewezen
te,"(None, 21)",Venlo,09/10/2023 18:36:59,test,test,09/10/2023 21:58:26,Afgewezen
te,"(None, 22)",Venlo,09/10/2023 18:36:59,test,test,09/10/2023 21:58:26,Afgewezen
te,"(None, 23)",Venlo,09/10/2023 18:36:59,test,test,09/10/2023 21:58:26,Afgewezen
te,"(None, 24)",Venlo,09/10/2023 18:36:59,test,test,09/10/2023 21:58:26,Afgewezen
te,"(None, 25)",Venlo,09/10/2023 18:36:59,test,test,09/10/2023 21:58:26,Afgewezen
te,"(None, 26)",Venlo,09/10/2023 18:36:59,test,test,09/10/2023 21:58:26,Afgewezen
te,"(None, 27)",Venlo,09/10/2023 18:36:59,test,test,09/10/2023 21:58:26,Afgewezen
te,"(None, 28)",Venlo,09/10/2023 18:36:59,test,test,09/10/2023 21:58:26,Afgewezen
te,"(None, 29)",Venlo,09/10/2023 18:36:59,test,test,09/10/2023 21:58:26,Afgewezen
te,"(None, 30)",Venlo,09/10/2023 18:36:59,test,test,09/10/2023 21:58:26,Afgewezen
te,"(None, 31)",Venlo,09/10/2023 18:36:59,test,test,09/10/2023 21:58:26,Afgewezen
te,"(None, 33)",Venlo,09/10/2023 18:36:59,test,test,09/10/2023 21:58:26,Afgewezen
te,"(None, 34)",Venlo,09/10/2023 18:36:59,test,test,09/10/2023 21:58:26,Afgewezen
te,"(None, 35)",Venlo,09/10/2023 18:36:59,test,test,09/10/2023 21:58:26,Afgewezen
te,"(None, 36)",Venlo,09/10/2023 18:36:59,test,test,09/10/2023 21:58:26,Afgewezen
te,"(None, 37)",Venlo,09/10/2023 18:36:59,test,test,09/10/2023 21:58:26,Afgewezen
te,"(None, 38)",Venlo,09/10/2023 18:36:59,test,test,09/10/2023 21:58:26,Afgewezen
te,"(None, 39)",Venlo,09/10/2023 18:36:59,test,test,09/10/2023 21:58:26,Afgewezen
te,"(None, 40)",Venlo,09/10/2023 18:36:59,test,test,09/10/2023 21:58:26,Afgewezen
te,"(None, 41)",Venlo,09/10/2023 18:36:59,test,test,09/10/2023 21:58:26,Afgewezen
te,"(None, 42)",Venlo,09/10/2023 18:36:59,test,test,09/10/2023 21:58:26,Afgewezen
te,"(None, 43)",Venlo,09/10/2023 18:36:59,test,test,09/10/2023 21:58:26,Afgewezen
te,"(None, 44)",Venlo,09/10/2023 18:36:59,test,test,09/10/2023 21:58:26,Afgewezen
te,"(None, 45)",Venlo,09/10/2023 18:36:59,test,test,09/10/2023 21:58:26,Afgewezen
te,"(None, 46)",Venlo,09/10/2023 18:36:59,test,test,09/10/2023 21:58:26,Afgewezen
te,"(None, 47)",Venlo,09/10/2023 18:36:59,test,test,09/10/2023 21:58:26,Afgewezen
te,"(None, 48)",Venlo,09/10/2023 18:36:59,test,test,09/10/2023 21:58:26,Afgewezen
te,"(None, 49)",Venlo,09/10/2023 18:36:59,test,test,09/10/2023 21:58:26,Afgewezen
te,"(None, 50)",Venlo,09/10/2023 18:36:59,test,test,09/10/2023 21:58:26,Afgewezen
te,"(None, 51)",Venlo,09/10/2023 18:36:59,test,test,09/10/2023 21:58:26,Afgewezen
asdf,asdfasf,Sittard,09/10/2023 18:45:06,teset,test,09/10/2023 21:59:50,Afgewezen
sdf,sdfsdf,Heerlen,09/10/2023 18:45:46,teset,test,09/10/2023 21:59:50,Afgewezen
sdfsdfsdfsdfsdf,sdf,Roermond,09/10/2023 18:47:46,teset,test,09/10/2023 21:59:50,Afgewezen
sdf,sdfsdf,Haarlem,09/10/2023 18:48:20,teset,test,09/10/2023 21:59:50,Afgewezen
sdf,ssdf,Hilversum,09/10/2023 18:48:37,teset,test,09/10/2023 21:59:50,Afgewezen
sdf,sdfs,Enschede,09/10/2023 18:49:51,teset,test,09/10/2023 21:59:50,Afgewezen
sdf,sdf,Arnhem,09/10/2023 18:50:21,teset,test,09/10/2023 21:59:50,Afgewezen
sdf,sdf,Arnhem,09/10/2023 18:50:21,teset,test,09/10/2023 21:59:50,Afgewezen
sdfsdf,sdfsdf,Maastricht,09/10/2023 18:51:04,teset,test,09/10/2023 21:59:50,Afgewezen
sdf,sdfdf,Roermond,09/10/2023 18:51:13,teset,test,09/10/2023 21:59:50,Afgewezen
sdf,sdfsdf,Enschede,09/10/2023 18:51:45,teset,test,09/10/2023 21:59:50,Afgewezen
sdfs,sdf,Dordrecht,09/10/2023 18:56:43,teset,test,09/10/2023 21:59:50,Afgewezen
sdf,sdf,Dordrecht,09/10/2023 18:56:43,teset,test,09/10/2023 21:59:50,Afgewezen
sdf,sdf,Dordrecht,09/10/2023 18:56:43,teset,test,09/10/2023 21:59:50,Afgewezen
xcv,xcv,Delft,09/10/2023 19:03:46,teset,test,09/10/2023 21:59:50,Afgewezen
sdf,sdf,Alkmaar,09/10/2023 19:04:44,teset,test,09/10/2023 21:59:50,Afgewezen
sdfsdf,sdfsdf,Zwolle,09/10/2023 19:06:55,teset,test,09/10/2023 21:59:50,Afgewezen
sdf,sdfsfd,Lelystad,09/10/2023 19:07:16,teset,test,09/10/2023 21:59:50,Afgewezen
sdf,sdfs,Helmond,09/10/2023 19:08:19,teset,test,09/10/2023 21:59:50,Afgewezen
sdf,sdf,Vlissingen,09/10/2023 19:08:38,teset,test,09/10/2023 21:59:50,Afgewezen
sdfsdf,sdfsdf,Zutphen,09/10/2023 19:12:19,teset,test,09/10/2023 21:59:50,Afgewezen
sdfsdf,sdfsdf,Deventer,09/10/2023 19:12:44,teset,test,09/10/2023 21:59:50,Afgewezen
